{
    "NDCG": {
        "NDCG@10": 0.6677,
        "NDCG@50": 0.53123,
        "NDCG@100": 0.45269
    },
    "MAP": {
        "MAP@10": 0.0152,
        "MAP@50": 0.04638,
        "MAP@100": 0.06974
    },
    "Recall": {
        "Recall@10": 0.01769,
        "Recall@50": 0.06271,
        "Recall@100": 0.10165
    },
    "Precision": {
        "P@10": 0.72,
        "P@50": 0.5492,
        "P@100": 0.4572
    },
    "MRR": {
        "MRR@10": 0.89067,
        "MRR@50": 0.89067,
        "MRR@100": 0.89067
    },
    "InferenceTime": 1050.702305316925
}