{
    "NDCG": {
        "NDCG@10": 0.0460,
        "NDCG@50": 0.0459
    },
    "MAP": {
        "MAP@10": 0.00460,
        "MAP@50": 0.00459,
        "MAP@100": 0.00832
    },
    "Recall": {
        "Recall@10": 0.0288,
        "Recall@50": 0.0484,
        "Recall@100": 0.0927
    },
    "Precision": {
        "P@10": 0.15,
        "P@50": 0.12,
        "P@100": 0.10
    },
    "MRR": {
        "MRR@10": 0.1322,
        "MRR@50": 0.1419,
        "MRR@100": 0.1419
    },
    "InferenceTime": 1402.35
}
