{
    "NDCG": {
        "NDCG@10": 0.0407,
        "NDCG@50": 0.0775
    },
    "MAP": {
        "MAP@10": 0.00407,
        "MAP@50": 0.00775,
        "MAP@100": 0.01172
    },
    "Recall": {
        "Recall@10": 0.0282,
        "Recall@50": 0.1179,
        "Recall@100": 0.1654
    },
    "Precision": {
        "P@10": 0.12,
        "P@50": 0.11,
        "P@100": 0.09
    },
    "MRR": {
        "MRR@10": 0.1326,
        "MRR@50": 0.1537,
        "MRR@100": 0.1537
    },
    "InferenceTime": 1320.54
}
