{
    "NDCG": {
        "NDCG@10": 0.45231,
        "NDCG@50": 0.39542,
        "NDCG@100": 0.36067
    },
    "MAP": {
        "MAP@10": 0.01173,
        "MAP@50": 0.03187,
        "MAP@100": 0.04892
    },
    "Recall": {
        "Recall@10": 0.01389,
        "Recall@50": 0.04723,
        "Recall@100": 0.08015
    },
    "Precision": {
        "P@10": 0.498,
        "P@50": 0.4214,
        "P@100": 0.3775
    },
    "MRR": {
        "MRR@10": 0.69242,
        "MRR@50": 0.70591,
        "MRR@100": 0.70614
    },
    "InferenceTime": 1965.4726856231689
}
