{
    "NDCG": {
        "NDCG@10": 0.38792,
        "NDCG@50": 0.25012,
        "NDCG@100": 0.19456
    },
    "MAP": {
        "MAP@10": 0.00781,
        "MAP@50": 0.01528,
        "MAP@100": 0.01865
    },
    "Recall": {
        "Recall@10": 0.01052,
        "Recall@50": 0.02753,
        "Recall@100": 0.03909
    },
    "Precision": {
        "P@10": 0.352,
        "P@50": 0.210,
        "P@100": 0.158
    },
    "MRR": {
        "MRR@10": 0.58981,
        "MRR@50": 0.60234,
        "MRR@100": 0.60291
    },
    "InferenceTime": 3827.623554677963
}
