{
    "NDCG": {
        "NDCG@10": 0.2046,
        "NDCG@50": 0.16051,
        "NDCG@100": 0.1414
    },
    "MAP": {
        "MAP@10": 0.00304,
        "MAP@50": 0.00787,
        "MAP@100": 0.01125
    },
    "Recall": {
        "Recall@10": 0.00548,
        "Recall@50": 0.02039,
        "Recall@100": 0.03534
    },
    "Precision": {
        "P@10": 0.228,
        "P@50": 0.1688,
        "P@100": 0.1454
    },
    "MRR": {
        "MRR@10": 0.44852,
        "MRR@50": 0.45295,
        "MRR@100": 0.45394
    },
    "InferenceTime": 2934.2507491111755
}