{
    "NDCG": {
        "NDCG@10": 0.28166,
        "NDCG@50": 0.1809,
        "NDCG@100": 0.13946
    },
    "MAP": {
        "MAP@10": 0.00569,
        "MAP@50": 0.01114,
        "MAP@100": 0.01358
    },
    "Recall": {
        "Recall@10": 0.00768,
        "Recall@50": 0.02008,
        "Recall@100": 0.0285
    },
    "Precision": {
        "P@10": 0.308,
        "P@50": 0.176,
        "P@100": 0.129
    },
    "MRR": {
        "MRR@10": 0.46656,
        "MRR@50": 0.47748,
        "MRR@100": 0.47782
    },
    "InferenceTime": 3123.4514627456665
}