{
    "NDCG": {
        "NDCG@10": 0.2825,
        "NDCG@50": 0.21981,
        "NDCG@100": 0.18469
    },
    "MAP": {
        "MAP@10": 0.00577,
        "MAP@50": 0.01447,
        "MAP@100": 0.01978
    },
    "Recall": {
        "Recall@10": 0.00773,
        "Recall@50": 0.02568,
        "Recall@100": 0.04108
    },
    "Precision": {
        "P@10": 0.296,
        "P@50": 0.2216,
        "P@100": 0.181
    },
    "MRR": {
        "MRR@10": 0.49908,
        "MRR@50": 0.50877,
        "MRR@100": 0.51016
    },
    "InferenceTime": 750.028379201889
}