{
    "NDCG": {
        "NDCG@10": 0.69530,
        "NDCG@50": 0.56542,
        "NDCG@100": 0.48519
    },
    "MAP": {
        "MAP@10": 0.01542,
        "MAP@50": 0.04886,
        "MAP@100": 0.07424
    },
    "Recall": {
        "Recall@10": 0.01732,
        "Recall@50": 0.06498,
        "Recall@100": 0.10671
    },
    "Precision": {
        "P@10": 0.710,
        "P@50": 0.570,
        "P@100": 0.4801
    },
    "MRR": {
        "MRR@10": 0.89840,
        "MRR@50": 0.90133,
        "MRR@100": 0.90133
    },
    "InferenceTime": 2950.73418204585
}
