{
    "NDCG": {
        "NDCG@10": 0.65245,
        "NDCG@50": 0.5288,
        "NDCG@100": 0.45209
    },
    "MAP": {
        "MAP@10": 0.01448,
        "MAP@50": 0.04589,
        "MAP@100": 0.06982
    },
    "Recall": {
        "Recall@10": 0.01637,
        "Recall@50": 0.06114,
        "Recall@100": 0.10016
    },
    "Precision": {
        "P@10": 0.674,
        "P@50": 0.54,
        "P@100": 0.4552
    },
    "MRR": {
        "MRR@10": 0.85372,
        "MRR@50": 0.85654,
        "MRR@100": 0.85654
    },
    "InferenceTime": 3292.909410238266
}