{
    "NDCG": {
        "NDCG@10": 0.0307,
        "NDCG@50": 0.0675
    },
    "MAP": {
        "MAP@10": 0.00307,
        "MAP@50": 0.00575,
        "MAP@100": 0.00672
    },
    "Recall": {
        "Recall@10": 0.0182,
        "Recall@50": 0.0679,
        "Recall@100": 0.1054
    },
    "Precision": {
        "P@10": 0.10,
        "P@50": 0.10,
        "P@100": 0.08
    },
    "MRR": {
        "MRR@10": 0.1126,
        "MRR@50": 0.1237,
        "MRR@100": 0.1337
    },
    "InferenceTime": 810.453278901234
}

