{
    "NDCG": {
        "NDCG@10": 0.2403,
        "NDCG@50": 0.1985,
        "NDCG@100": 0.1726
    },
    "MAP": {
        "MAP@10": 0.00482,
        "MAP@50": 0.01214,
        "MAP@100": 0.01763
    },
    "Recall": {
        "Recall@10": 0.00692,
        "Recall@50": 0.02354,
        "Recall@100": 0.03891
    },
    "Precision": {
        "P@10": 0.265,
        "P@50": 0.2054,
        "P@100": 0.169
    },
    "MRR": {
        "MRR@10": 0.46231,
        "MRR@50": 0.47592,
        "MRR@100": 0.47958
    },
    "InferenceTime": 695.025317428512
}
