{
    "NDCG": {
        "NDCG@10": 0.0799,
        "NDCG@50": 0.0889
    },
    "MAP": {
        "MAP@10": 0.00799,
        "MAP@50": 0.00889,
        "MAP@100": 0.01145
    },
    "Recall": {
        "Recall@10": 0.0510,
        "Recall@50": 0.0988,
        "Recall@100": 0.1402
    },
    "Precision": {
        "P@10": 0.24,
        "P@50": 0.18,
        "P@100": 0.14
    },
    "MRR": {
        "MRR@10": 0.2079,
        "MRR@50": 0.2200,
        "MRR@100": 0.2200
    },
    "InferenceTime": 1201.42
}
