{
    "NDCG": {
        "NDCG@10": 0.3782,
        "NDCG@50": 0.3124,
        "NDCG@100": 0.2871
    },
    "MAP": {
        "MAP@10": 0.01235,
        "MAP@50": 0.02780,
        "MAP@100": 0.04155
    },
    "Recall": {
        "Recall@10": 0.01540,
        "Recall@50": 0.05420,
        "Recall@100": 0.09125
    },
    "Precision": {
        "P@10": 0.3410,
        "P@50": 0.2815,
        "P@100": 0.2502
    },
    "MRR": {
        "MRR@10": 0.62150,
        "MRR@50": 0.62800,
        "MRR@100": 0.63075
    },
    "InferenceTime": 5078.349201202392
}
