{
    "NDCG": {
        "NDCG@10": 0.4407,
        "NDCG@50": 0.4490
    },
    "MAP": {
        "MAP@10": 0.04407,
        "MAP@50": 0.04490,
        "MAP@100": 0.06735
    },
    "Recall": {
        "Recall@10": 0.1643,
        "Recall@50": 0.3595,
        "Recall@100": 0.4857
    },
    "Precision": {
        "P@10": 0.49,
        "P@50": 0.36,
        "P@100": 0.29
    },
    "MRR": {
        "MRR@10": 0.2396,
        "MRR@50": 0.3107,
        "MRR@100": 0.3107
    },
    "InferenceTime": 1100.95
}
