{
    "NDCG": {
        "NDCG@10": 0.2609,
        "NDCG@50": 0.1625
    },
    "MAP": {
        "MAP@10": 0.02609,
        "MAP@50": 0.01625,
        "MAP@100": 0.03981
    },
    "Recall": {
        "Recall@10": 0.1221,
        "Recall@50": 0.3205,
        "Recall@100": 0.4503
    },
    "Precision": {
        "P@10": 0.52,
        "P@50": 0.38,
        "P@100": 0.32
    },
    "MRR": {
        "MRR@10": 0.3188,
        "MRR@50": 0.3338,
        "MRR@100": 0.3338
    },
    "InferenceTime": 1150.32
}
