{
    "NDCG": {
        "NDCG@10": 0.48115,
        "NDCG@50": 0.40884,
        "NDCG@100": 0.37085
    },
    "MAP": {
        "MAP@10": 0.01025,
        "MAP@50": 0.03303,
        "MAP@100": 0.05286
    },
    "Recall": {
        "Recall@10": 0.01255,
        "Recall@50": 0.04919,
        "Recall@100": 0.08563
    },
    "Precision": {
        "P@10": 0.514,
        "P@50": 0.4296,
        "P@100": 0.3868
    },
    "MRR": {
        "MRR@10": 0.70638,
        "MRR@50": 0.71322,
        "MRR@100": 0.71351
    },
    "InferenceTime": 1786.3235425949097
}